timestamp,Z_PK,Z_ENT,Z_OPT,altitude,course,hAccuracy,lat,lng,speed,ZTIMESTAMP,vAccuracy
2015/11/09 17:43:32,1,1,1,11.95520114898682,-1,65,37.78658415766615,-122.4032703186091,-1,468899012.12698,10
2015/11/09 17:46:04,2,1,1,14.66769409179688,281.953125,30,37.78552029751035,-122.4040600565471,0.9100000262260437,468899164.820816,4
2015/11/09 17:48:08,3,1,1,14.617431640625,42.5390625,50,37.78683185580912,-122.4030482770152,1.460000038146973,468899288.748989,4
2015/11/09 17:44:30,4,1,1,-1,-1,12.2800195808586,37.78436935848425,-122.4030477315084,-1,468899070.975143,-1
2015/11/09 17:45:15,5,1,1,27.73822784423828,-1,65,37.78485842213649,-122.403751384833,-1,468899115.550308,41.97011701980649
2015/11/09 17:46:36,6,1,1,15.76809692382812,40.78125,10,37.78604546565356,-122.40325128671,1.179999947547913,468899196.322042,4
2015/11/09 17:45:35,7,1,1,13.86175537109375,330.1171875,10,37.78528874743523,-122.4035307393618,0.5299999713897705,468899135.120443,4
2015/11/09 17:43:38,8,1,1,12.04345989227295,-1,65,37.78622212547504,-122.4033867759543,-1,468899018.726236,10
2015/11/09 17:45:02,9,1,1,25.84390258789062,-1,65,37.78504443437614,-122.4034376517483,-1,468899102.143266,52.67519364359874
2015/11/09 17:47:52,10,1,1,15.75018310546875,69.2578125,30,37.78665374036672,-122.4032259733625,2.160000085830688,468899272.22131,4
2015/11/09 17:45:27,11,1,1,14.57717895507812,-1,10,37.7849569917077,-122.4034538773097,1.220000028610229,468899127.022188,4
2015/11/09 17:44:08,12,1,1,12.77324199676514,-1,65,37.78567629299088,-122.4030726186015,-1,468899048.912583,10
2015/11/09 17:43:58,13,1,1,12.53918743133545,-1,65,37.78606160487725,-122.4032648753119,-1,468899038.836876,10
2015/11/09 17:44:55,14,1,1,28.4344425201416,-1,65,37.78555708452424,-122.4027054654265,-1,468899095.636176,79.63375638666055
2015/11/09 17:45:08,15,1,1,27.0033130645752,-1,65,37.78466448001438,-122.4040007975146,-1,468899108.768668,46.41196040202757
2015/11/09 17:46:18,16,1,1,16.32089233398438,56.6015625,30,37.78574815954806,-122.4038320687808,2.099999904632568,468899178.027791,3
2015/11/09 17:47:10,17,1,1,15.87850952148438,307.96875,30,37.78619043066892,-122.4034864829131,1.659999966621399,468899230.821176,4
2015/11/09 17:45:50,18,1,1,13.97607421875,292.8515625,30,37.78535383291336,-122.4038322364189,1.139999985694885,468899150.1204,4
2015/11/09 17:44:50,19,1,1,23.40983772277832,-1,92.48910069465637,37.78527796662503,-122.4028190496686,-1,468899090.856641,136.9658303076903
2015/11/09 17:44:15,20,1,1,12.89579296112061,-1,65,37.7855544633938,-122.4028421238834,-1,468899055.450122,10
2015/11/09 17:46:27,21,1,1,15.75180053710938,43.2421875,10,37.78591345067861,-122.4035016541578,2.650000095367432,468899187.933626,4
2015/11/09 17:42:43,22,1,1,11.61971378326416,-1,65,37.78679380349967,-122.4031446173208,-1,468898963.067028,10
2015/11/09 17:43:18,23,1,1,11.83284473419189,-1,65,37.78678587528558,-122.4034437475161,-1,468898998.950336,10
2015/11/09 17:47:29,24,1,1,18.52670288085938,63.28125,10,37.78642583641949,-122.4034775142767,0.5799999833106995,468899249.121758,3
2015/11/09 20:13:16,25,1,1,78.39291381835938,316.40625,30,37.74849785029679,-122.4899713789322,0.5,468907996.757409,4
2015/11/09 19:59:19,26,1,1,79.96542358398438,130.4296875,10,37.74849437180697,-122.4896654394665,0.5299999713897705,468907159.147087,4
2015/11/09 19:49:54,27,1,1,87.93685913085938,168.3984375,10,37.75551568254619,-122.4906053022691,1.659999966621399,468906594.551542,3
2015/11/09 19:46:43,28,1,1,77.98324584960938,266.8086547851562,10,37.75944120702463,-122.4859777896199,5.699999809265137,468906403.149671,3
2015/11/09 19:29:32,29,1,1,73.13510131835938,273.8671875,10,37.77227798014672,-122.4494366628327,1.840000033378601,468905372.96479,3
2015/11/09 19:39:14,30,1,1,72.52798461914062,150.3851928710938,10,37.76998161432734,-122.4795725887088,3.509999990463257,468905954.355781,4
2015/11/09 19:23:06,31,1,1,59.88302612304688,251.71875,10,37.77291525624485,-122.431704076121,5.190000057220459,468904986.568626,4
2015/11/09 19:35:59,32,1,1,70.60983276367188,233.4889831542969,10,37.77116485293254,-122.4708709558763,7.579999923706055,468905759.359649,4
2015/11/09 19:43:35,33,1,1,73.75839233398438,176.7237548828125,10,37.76239602960033,-122.4781206217449,4.190000057220459,468906215.055661,4
2015/11/09 21:10:09,34,1,1,80.53964233398438,233.7890625,50,37.74891937620728,-122.4898471591272,0.7200000286102295,468911409.403449,4
2015/11/09 19:12:09,35,1,1,12.005126953125,211.9921875,10,37.78267120480331,-122.4099734054156,3.970000028610229,468904329.572346,3
2015/11/09 19:34:00,36,1,1,74.16134643554688,288.1470336914062,10,37.77197305303597,-122.4628408749049,7.159999847412109,468905640.261851,3
2015/11/09 21:09:39,37,1,1,79.59701538085938,192.3046875,30,37.74842853195756,-122.4896692113229,0,468911379.526914,4
2015/11/09 19:12:39,38,1,1,13.8677978515625,221.8359375,10,37.78158197648617,-122.4114419148512,6.449999809265137,468904359.27269,4
2015/11/09 19:11:53,39,1,1,12.27276611328125,227.4609375,10,37.78337243482264,-122.4092435931064,5.449999809265137,468904313.07139,3
2015/11/09 19:21:01,40,1,1,42.2762451171875,269.6484375,10,37.77363086122812,-122.4268150796391,2.019999980926514,468904861.173435,4
2015/11/09 19:11:39,41,1,1,13.026611328125,217.6171875,10,37.78390560768338,-122.4085225817956,4.570000171661377,468904299.874076,4
2015/11/09 21:05:25,42,1,1,63.22286987304688,358.9453125,10,37.74677671029954,-122.4909516425081,1.409999966621399,468911125.405838,3
2015/11/09 21:00:15,43,1,1,66.56906127929688,276.328125,10,37.74435098752169,-122.4888431747653,1.289999961853027,468910815.2109,3
2015/11/09 20:57:20,44,1,1,63.60360717773438,10.546875,10,37.74280683140991,-122.4875029922672,1.620000004768372,468910640.315952,4
2015/11/09 19:25:02,45,1,1,55.92599487304688,348.046875,10,37.77350437830926,-122.4357376993843,3.789999961853027,468905102.07954,3
2015/11/09 20:18:04,46,1,1,69.91207885742188,207.7734375,10,37.74512212261347,-122.4887829088815,0.9599999785423279,468908284.804604,3
2015/11/09 20:15:05,47,1,1,72.76516723632812,170.859375,10,37.74704933170019,-122.4899071735539,1.529999971389771,468908105.949769,3
2015/11/09 19:28:43,48,1,1,72.39901733398438,271.40625,10,37.77266660708727,-122.4468928390392,3.380000114440918,468905323.499143,3
2015/11/09 20:07:36,49,1,1,80.17916870117188,185.9765625,30,37.74856461215555,-122.4895999768027,0,468907656.420744,3
2015/11/09 19:48:35,50,1,1,76.58328247070312,174.7265625,10,37.75837889876008,-122.4907660671719,4.699999809265137,468906515.354635,3
2015/11/09 19:09:57,51,1,1,14.74703979492188,221.1328125,10,37.78613460719379,-122.4055698887654,4.460000038146973,468904197.571454,4
2015/11/09 19:41:16,52,1,1,65.60403442382812,52.03125,10,37.76550624057442,-122.4783932046243,0,468906076.456061,4
2015/11/09 19:37:51,53,1,1,75.28378295898438,255.4561614990234,10,37.77152989604941,-122.4769040127285,5.570000171661377,468905871.558036,3
2015/11/09 19:28:59,54,1,1,73.22616577148438,255.234375,10,37.77259955186189,-122.4478066341229,4.360000133514404,468905339.96405,3
2015/11/09 19:45:30,55,1,1,81.21945190429688,266.9117431640625,10,37.75965737436331,-122.481070884678,6.119999885559082,468906330.550028,3
2015/11/09 19:51:50,56,1,1,80.82101440429688,177.2503509521484,10,37.75025751384872,-122.4902011863742,4.559999942779541,468906710.350775,3
2015/11/09 21:09:32,57,1,1,78.44522094726562,229.21875,100,37.74839290886908,-122.4901779928454,0.449999988079071,468911372.940139,6
2015/11/09 20:20:50,58,1,1,64.56582641601562,146.953125,10,37.74268458135216,-122.4884980918118,1.440000057220459,468908450.066935,3
2015/11/09 19:33:17,59,1,1,75.39480590820312,279.7066650390625,10,37.77139894960894,-122.4596772827135,6.179999828338623,468905597.357099,3
2015/11/09 19:18:02,60,1,1,19.22967529296875,222.1875,10,37.77249683163853,-122.4229846337088,4.150000095367432,468904682.983453,3
2015/11/09 19:29:49,61,1,1,73.90219116210938,261.9140625,10,37.77231846473904,-122.4505688064941,5.119999885559082,468905389.462928,3
2015/11/09 21:09:19,62,1,1,77.91397094726562,-1,100,37.74852911479562,-122.4901907333382,-1,468911359.767105,4
2015/11/09 19:21:20,63,1,1,46.68582153320312,240.1171875,10,37.77354901194365,-122.4273641781159,1.980000019073486,468904880.96654,4
2015/11/09 19:10:53,64,1,1,14.3851318359375,225.703125,10,37.78443936727734,-122.4077655283012,3.380000114440918,468904253.672772,3
2015/11/09 19:30:22,65,1,1,75.83883666992188,263.3203125,10,37.77207065377177,-122.4524710794189,4.510000228881836,468905422.47651,3
2015/11/09 19:26:44,66,1,1,64.51034545898438,271.0546875,10,37.77372771411927,-122.4403840397694,5.150000095367432,468905204.36413,3
2015/11/09 21:08:23,67,1,1,74.46359252929688,349.1015625,10,37.74832484781533,-122.4899702054658,1.190000057220459,468911303.635751,3
2015/11/09 21:04:03,68,1,1,62.71774291992188,5.2734375,10,37.74594744670926,-122.4908594415732,1.559999942779541,468911043.006234,3
2015/11/09 19:30:38,69,1,1,77.31643676757812,234.4921875,10,37.77170532852204,-122.4533412886061,4.760000228881836,468905438.978001,3
2015/11/09 20:58:52,70,1,1,68.95913696289062,355.078125,10,37.74426524065225,-122.4875228573778,1.730000019073486,468910732.719908,3
2015/11/09 20:47:27,71,1,1,64.23629760742188,-1,100,37.74274840954481,-122.4872206059494,-1,468910047.260092,4
2015/11/09 20:19:40,72,1,1,66.51797485351562,177.5390625,10,37.74371530398516,-122.4885657337704,1.289999961853027,468908380.830064,3
2015/11/09 20:16:51,73,1,1,72.63040161132812,70.3125,10,37.7461552759984,-122.4890195300081,2.079999923706055,468908211.857588,3
2015/11/09 20:13:59,74,1,1,76.37179565429688,159.2578125,10,37.74807758167177,-122.4899119512387,1.409999966621399,468908039.657384,3
2015/11/09 20:00:08,75,1,1,80.14920043945312,86.8359375,50,37.74860970679461,-122.4893742521503,1.789999961853027,468907208.641237,4
2015/11/09 19:16:20,76,1,1,19.37844848632812,225.4407501220703,10,37.7758905986683,-122.4183286008156,6.369999885559082,468904580.370569,4
2015/11/09 19:47:16,77,1,1,73.29769897460938,261.9140625,10,37.75933590255469,-122.4881013763347,6.630000114440918,468906436.150309,3
2015/11/09 19:23:36,78,1,1,56.12692260742188,260.7422485351562,10,37.77272942132418,-122.4331145676115,4.340000152587891,468905016.270735,4
2015/11/09 19:39:44,79,1,1,70.21047973632812,203.9988250732422,10,37.76833186296145,-122.4793701212184,7.090000152587891,468905984.054741,4
2015/11/09 19:36:25,80,1,1,74.05044555664062,287.7446594238281,10,37.77078378242248,-122.4725467985627,4.28000020980835,468905785.758338,4
2015/11/09 19:44:14,81,1,1,80.70828247070312,171.9140625,10,37.76102481413424,-122.4780599401542,3.200000047683716,468906254.654349,4
2015/11/09 19:34:29,82,1,1,73.77883911132812,283.382080078125,10,37.77255868115224,-122.4650057603867,7.21999979019165,468905669.957183,4
2015/11/09 21:03:46,83,1,1,63.25717163085938,358.2421875,10,37.7457382344061,-122.4908516464033,2.089999914169312,468911026.409579,3
2015/11/09 19:50:27,84,1,1,79.95205688476562,176.9253387451172,10,37.75391597971325,-122.4904275540757,6.03000020980835,468906627.561029,4
2015/11/09 19:30:05,85,1,1,73.07351684570312,258.3984375,10,37.77221855245323,-122.4515424483665,4.550000190734863,468905405.964057,3
2015/11/09 21:07:47,86,1,1,72.92849731445312,83.3203125,10,37.74810800798028,-122.4903782365122,1.169999957084656,468911267.306989,3
2015/11/09 19:14:51,87,1,1,20.22103881835938,217.6171875,10,37.77800935789735,-122.4160150812216,4.03000020980835,468904491.284313,4
2015/11/09 19:22:30,88,1,1,59.16189575195312,263.3203125,10,37.77331674940677,-122.4299073313572,2.730000019073486,468904950.420021,3
2015/11/09 19:33:43,89,1,1,74.63345336914062,281.1779174804688,10,37.77168367915527,-122.4615449629346,5.670000076293945,468905623.758507,3
2015/11/09 21:00:58,90,1,1,62.61477661132812,274.21875,10,37.74431892674206,-122.4895853922912,1.090000033378601,468910858.110163,3
2015/11/09 21:01:14,91,1,1,62.71389770507812,260.5078125,10,37.74425920568196,-122.4898954388895,1.450000047683716,468910874.60943,3
2015/11/09 21:07:17,92,1,1,71.02792358398438,88.9453125,10,37.74810402657627,-122.4908475392707,1.220000028610229,468911237.696018,3
2015/11/09 21:05:38,93,1,1,62.75180053710938,353.3203125,10,37.74696010634093,-122.4909622875252,1.220000028610229,468911138.623832,3
2015/11/09 20:57:46,94,1,1,65.03067016601562,351.2109375,10,37.74322881832509,-122.4874556345143,1.710000038146973,468910666.71278,3
2015/11/09 19:34:59,95,1,1,72.58786010742188,260.5078125,10,37.77264355685355,-122.4667545129754,5.820000171661377,468905699.658767,3
2015/11/09 20:18:28,96,1,1,70.35739135742188,178.59375,5,37.74477159142284,-122.4887321145483,0.7200000286102295,468908308.217484,3
2015/11/09 20:15:32,97,1,1,71.07601928710938,184.21875,10,37.74666548244445,-122.4898837880441,2.029999971389771,468908132.544768,3
2015/11/09 20:08:54,98,1,1,78.67733764648438,102.3046875,10,37.74842765185772,-122.4898183253803,0.2300000041723251,468907734.428348,4
2015/11/09 19:52:23,99,1,1,82.97781372070312,175.6482238769531,10,37.74921498472268,-122.4901130703074,1.820000052452087,468906743.348149,4
2015/11/09 19:49:05,100,1,1,82.45516967773438,174.0234375,10,37.75718443564862,-122.4906625506677,3.569999933242798,468906545.04968,3
2015/11/09 19:46:00,101,1,1,78.03854370117188,266.7630615234375,10,37.75956932311873,-122.4830538835158,7.920000076293945,468906360.347672,3
2015/11/09 20:21:19,102,1,1,63.89651489257812,89.6484375,10,37.74260658774315,-122.4879724626639,2.059999942779541,468908479.794262,3
2015/11/09 19:38:21,103,1,1,75.91390991210938,242.8623657226562,10,37.77091438273871,-122.4787633395317,5.829999923706055,468905901.557182,4
2015/11/09 19:34:13,104,1,1,74.20053100585938,289.2528991699219,10,37.77223545065694,-122.4637902218637,6.21999979019165,468905653.460392,4
2015/11/09 21:06:41,105,1,1,67.45144653320312,357.5390625,10,37.74776644542603,-122.4910319411405,1.429999947547913,468911201.406617,3
2015/11/09 19:18:42,106,1,1,23.14913940429688,339.9609375,10,37.77263345666022,-122.4235661701508,3.059999942779541,468904722.567651,3
2015/11/09 19:28:00,107,1,1,68.39846801757812,255.5859375,10,37.77300029065253,-122.4446305633732,4.75,468905280.563067,3
2015/11/09 19:42:52,108,1,1,66.73275756835938,176.8420562744141,10,37.76398511838838,-122.478234495793,3.440000057220459,468906172.156324,4
2015/11/09 19:27:30,109,1,1,67.77890014648438,266.1328125,10,37.77319269723983,-122.4427629915275,3.950000047683716,468905250.865049,3
2015/11/09 21:02:50,110,1,1,62.99093627929688,1.40625,10,37.74487573656975,-122.4908153527626,1.539999961853027,468910970.310604,3
2015/11/09 19:34:43,111,1,1,73.58224487304688,286.875,10,37.77269062123985,-122.4657418952533,2.150000095367432,468905683.158013,3
2015/11/09 19:14:11,112,1,1,17.5386962890625,212.34375,10,37.77905885599347,-122.4145950191863,0.6600000262260437,468904451.673354,3
2015/11/09 19:21:57,113,1,1,53.79129028320312,251.71875,10,37.77337387207688,-122.4286470283963,2.25,468904917.267229,3
2015/11/09 21:01:27,114,1,1,62.74838256835938,264.0234375,10,37.74426243271468,-122.4901602232107,1.559999942779541,468910887.842604,3
2015/11/09 21:06:11,115,1,1,66.21542358398438,354.375,10,37.7473784052187,-122.4909640477248,1.259999990463257,468911171.6055,3
2015/11/09 19:17:13,116,1,1,18.24896240234375,231.328125,10,37.77429912425161,-122.4207587242563,6.78000020980835,468904633.468814,4
2015/11/09 19:19:32,117,1,1,26.85275268554688,247.1484375,10,37.77388412043245,-122.4241361395665,0,468904772.068096,3
2015/11/09 19:13:08,118,1,1,14.88796997070312,223.9453125,10,37.78075099460574,-122.4124025647737,1.830000042915344,468904388.971586,3
2015/11/09 19:13:25,119,1,1,15.31619262695312,233.7890625,10,37.78027159165384,-122.4131084048398,4.269999980926514,468904405.471819,4
2015/11/09 19:15:07,120,1,1,19.92446899414062,229.5703125,10,37.777569082455,-122.4168212957423,7.300000190734863,468904507.775632,4
2015/11/09 19:32:11,121,1,1,74.29257202148438,288.984375,10,37.7707916172573,-122.4558836874761,2.660000085830688,468905531.3599,4
2015/11/09 19:25:18,122,1,1,60.79678344726562,351.9140625,10,37.77423050258101,-122.4358863943465,3.509999990463257,468905118.563624,3
2015/11/09 20:59:32,123,1,1,69.34725952148438,278.7890625,10,37.74433300833939,-122.4880631548562,1.320000052452087,468910772.35141,3
2015/11/09 20:47:59,124,1,1,63.53872680664062,177.5390625,50,37.74263889997987,-122.4871701468923,1.049999952316284,468910079.325454,3
2015/11/09 19:24:12,125,1,1,54.22702026367188,273.1640625,10,37.77264632288159,-122.4345162884541,2.890000104904175,468905052.642811,4
2015/11/09 20:17:21,126,1,1,70.09036254882812,188.0859375,10,37.74574917278974,-122.4889569171914,1.519999980926514,468908241.630799,3
2015/11/09 20:14:26,127,1,1,75.83932495117188,175.4296875,10,37.74768463805108,-122.4899236859032,1.389999985694885,468908066.08123,3
2015/11/09 20:02:24,128,1,1,78.76211547851562,-1,10,37.74849064186006,-122.4898316526064,0,468907344.542868,4
2015/11/09 19:51:00,129,1,1,77.97128295898438,177.7065277099609,10,37.75252545402574,-122.4903313055984,5.090000152587891,468906660.550457,4
2015/11/09 19:47:45,130,1,1,73.31460571289062,264.7265625,10,37.75932726919442,-122.4894642737903,4.739999771118164,468906465.849574,3
2015/11/09 19:25:54,131,1,1,59.56863403320312,260.5078125,10,37.77410967744679,-122.4376072828867,3.630000114440918,468905154.863383,3
2015/11/09 19:40:10,132,1,1,67.93539428710938,151.9819793701172,10,37.76718534231347,-122.479355843825,3.140000104904175,468906010.455936,3
2015/11/09 21:11:28,133,1,1,79.90237426757812,312.5390625,10,37.74872194047808,-122.4899029826023,0,468911488.579354,4
2015/11/09 21:02:33,134,1,1,62.06576538085938,342.7734375,10,37.74462645876942,-122.4907946494617,1.240000009536743,468910953.810749,3
2015/11/09 19:36:58,135,1,1,74.78567504882812,295.0674743652344,10,37.77126366939424,-122.4739654744735,1.549999952316284,468905818.757877,4
2015/11/09 19:44:47,136,1,1,85.41806030273438,254.1796875,10,37.75991961829155,-122.4781236426183,2.549999952316284,468906287.655603,3
2015/11/09 20:20:10,137,1,1,64.71817016601562,171.9140625,10,37.74329025767533,-122.4885404204228,1.169999957084656,468908410.486995,3
2015/11/09 21:11:11,138,1,1,79.48495483398438,262.96875,50,37.74869587275921,-122.4901183975139,1.220000028610229,468911471.976286,4
2015/11/09 21:02:04,139,1,1,61.02999877929688,285.46875,10,37.74422760590701,-122.4906985090324,1.220000028610229,468910924.116476,3
2015/11/09 20:58:13,140,1,1,66.77731323242188,9.84375,10,37.74362188767432,-122.4874265493103,0.6700000166893005,468910693.149775,3
2015/11/09 20:21:46,141,1,1,65.00167846679688,57.3046875,10,37.74269220888404,-122.4874856417277,1.519999980926514,468908506.142327,3
2015/11/09 20:18:57,142,1,1,68.67794799804688,133.9453125,10,37.74434725757478,-122.4886548334011,2.049999952316284,468908337.887611,3
2015/11/09 20:16:02,143,1,1,68.62954711914062,179.296875,10,37.74629965428053,-122.4898378552147,1.779999971389771,468908162.354126,3
2015/11/09 21:10:58,144,1,1,79.92489624023438,19.6875,50,37.74890982083767,-122.4896983803459,2.329999923706055,468911458.718392,4
2015/11/09 19:53:06,145,1,1,80.43270874023438,175.6482238769531,10,37.74849075006458,-122.4900433682342,0,468906786.246802,4
2015/11/09 19:49:38,146,1,1,86.42300415039062,177.890625,10,37.75597769304901,-122.4906740338751,3.609999895095825,468906578.050969,3
2015/11/09 19:46:26,147,1,1,76.65103149414062,266.9605712890625,10,37.7594894183873,-122.4848561745785,5.929999828338623,468906386.668466,3
2015/11/09 19:43:18,148,1,1,70.82028198242188,176.7237548828125,10,37.76296541533981,-122.478161850886,3.759999990463257,468906198.554427,4
2015/11/09 19:38:57,149,1,1,69.56771850585938,150.3851928710938,10,37.7703679911486,-122.4798504271894,4.510000228881836,468905937.854365,4
2015/11/09 19:35:46,150,1,1,70.69754028320312,229.0535736083984,10,37.77179932471133,-122.4699123123719,7.130000114440918,468905746.158024,3
2015/11/09 20:12:20,151,1,1,79.07723999023438,-1,100,37.74829542733519,-122.4897088577249,-1,468907940.656368,4
2015/11/09 19:13:41,152,1,1,17.48080444335938,214.8046875,10,37.77970711238476,-122.4137557392217,4.269999980926514,468904421.972315,4
2015/11/09 21:10:35,153,1,1,77.85696411132812,130.78125,50,37.74835619613319,-122.4897081871726,1.080000042915344,468911435.647178,4
2015/11/09 19:09:03,154,1,1,17.40533638000488,-1,65,37.78735744858638,-122.403547118918,-1,468904143.779997,12.70520768213152
2015/11/09 19:20:08,155,1,1,27.83688354492188,254.8828125,10,37.77391341518403,-122.4247583282389,1.620000004768372,468904808.369256,4
2015/11/09 19:35:16,156,1,1,73.16738891601562,267.0953063964844,10,37.77256256300028,-122.4678883067099,5.75,468905716.157146,3
2015/11/09 19:32:44,157,1,1,74.58364868164062,271.7578125,10,37.77118921283425,-122.4576228485652,5.289999961853027,468905564.35794,3
2015/11/09 19:20:44,158,1,1,38.80523681640625,255.234375,10,37.77368383485616,-122.4262705912091,3.109999895095825,468904844.667335,4
2015/11/09 21:04:59,159,1,1,61.67807006835938,351.2109375,10,37.74638967592059,-122.490922222028,1.259999990463257,468911099.006468,3
2015/11/09 21:10:15,160,1,1,79.81344604492188,227.109375,50,37.74873245976656,-122.4898950197943,1.399999976158142,468911415.963517,4
2015/11/09 19:32:27,161,1,1,75.20425415039062,289.3359375,10,37.7709157951528,-122.456760769824,3.019999980926514,468905547.858872,4
2015/11/09 21:00:02,162,1,1,66.77816772460938,255.234375,10,37.74432232141285,-122.4885612075426,1.509999990463257,468910802.010975,3
2015/11/09 21:02:17,163,1,1,61.89089965820312,4.21875,10,37.74443442936776,-122.4907511473843,1.009999990463257,468910937.490289,3
2015/11/09 19:24:45,164,1,1,53.88168334960938,1.7578125,10,37.77290595233233,-122.4355112203606,3.410000085830688,468905085.564321,3
2015/11/09 20:17:48,165,1,1,70.52499389648438,160.3125,10,37.74535090666054,-122.4888392352708,0.699999988079071,468908268.286103,3
2015/11/09 20:53:19,166,1,1,63.81210327148438,226.40625,10,37.74264723997353,-122.4873761740723,1.460000038146973,468910399.424628,4
2015/11/09 20:06:28,167,1,1,80.24916839599609,-1,200,37.7486031539515,-122.4893603547472,3.545648645282523e-05,468907587.9999664,10
2015/11/09 19:51:33,168,1,1,79.16604614257812,177.2503509521484,10,37.75104577771694,-122.4902490666864,4.960000038146973,468906693.811183,3
2015/11/09 19:48:18,169,1,1,75.39401245117188,181.7578125,10,37.75911998472899,-122.4908394088247,4.519999980926514,468906498.854909,3
2015/11/09 19:45:17,170,1,1,81.76339721679688,259.453125,10,37.75973152838439,-122.4801264983811,5.099999904632568,468906317.35003,3
2015/11/09 19:40:43,171,1,1,68.34640502929688,138.9103546142578,10,37.76607766642046,-122.4783961682988,2.460000038146973,468906043.454293,4
2015/11/09 19:37:35,172,1,1,74.98751831054688,268.521728515625,10,37.77169589253665,-122.4757718756155,5.289999961853027,468905855.059531,4
2015/11/09 20:14:52,173,1,1,74.15481567382812,191.953125,10,37.74726847655861,-122.489886218796,1.529999971389771,468908092.698918,3
2015/11/09 20:20:33,174,1,1,65.39797973632812,171.2109375,10,37.74288796823262,-122.488527847568,1.409999966621399,468908433.638486,3
2015/11/09 21:09:59,175,1,1,81.38815307617188,342.0703125,50,37.74917091712146,-122.4898314011493,6.090000152587891,468911399.406044,4
2015/11/09 19:17:46,176,1,1,19.29080200195312,216.9140625,10,37.77307287793399,-122.422311231608,4.269999980926514,468904666.468493,4
2015/11/09 21:09:36,177,1,1,78.98519897460938,50.2734375,50,37.74857395797758,-122.4898513500788,1.240000009536743,468911376.247806,4
2015/11/09 20:58:39,178,1,1,68.73056030273438,0,10,37.74403369057713,-122.4875272997864,1.820000052452087,468910719.514366,3
2015/11/09 20:43:48,179,1,1,63.66299438476562,290.7421875,10,37.74280628658621,-122.4874501024582,0.4099999964237213,468909828.7231,4
2015/11/09 20:19:27,180,1,1,67.77841186523438,166.9921875,10,37.74394853044091,-122.4885602855333,1.360000014305115,468908367.60138,3
2015/11/09 20:16:38,181,1,1,70.40719604492188,80.859375,10,37.74615162987052,-122.4893045985349,1.929999947547913,468908198.652147,3
2015/11/09 20:13:39,182,1,1,78.22854614257812,157.8515625,10,37.74830058220564,-122.4900046550878,1.379999995231628,468908019.859147,4
2015/11/09 19:59:38,183,1,1,78.10055541992188,313.2421875,10,37.74850300516724,-122.4898975343653,0.4799999892711639,468907178.972762,4
2015/11/09 19:15:20,184,1,1,20.60125732421875,224.5654602050781,10,37.77650089693528,-122.417568474666,2.140000104904175,468904520.97258,4
2015/11/09 19:46:59,185,1,1,76.44149780273438,267.890625,10,37.75943225253165,-122.4870512076863,4.929999828338623,468906419.650171,3
2015/11/09 21:05:12,186,1,1,62.83126831054688,358.59375,10,37.74659092541574,-122.490935549254,1.320000052452087,468911112.214355,3
2015/11/09 19:39:27,187,1,1,74.47988891601562,156.7271728515625,10,37.7693501494,-122.4791724700481,4.980000019073486,468905967.554036,4
2015/11/09 19:23:23,188,1,1,58.96414184570312,261.0152893066406,10,37.77283526457946,-122.4322930487688,2.920000076293945,468905003.068151,4
2015/11/09 19:36:12,189,1,1,71.23403930664062,252.4287414550781,10,37.77075963939199,-122.4717835827323,5.71999979019165,468905772.558318,4
2015/11/09 19:43:51,190,1,1,76.32150268554688,176.7107696533203,10,37.7618346291069,-122.4780799151631,1.110000014305115,468906231.564965,4
2015/11/09 19:50:14,191,1,1,87.18930053710938,175.078125,10,37.75476244281768,-122.4905115925916,5.710000038146973,468906614.36131,3
2015/11/09 21:09:29,192,1,1,78.28341674804688,-1,100,37.74884842339694,-122.4900484924414,-1,468911369.622395,4
2015/11/09 19:31:54,193,1,1,74.76852416992188,195.46875,10,37.77085502635479,-122.455590069408,3.490000009536743,468905514.859407,3
2015/11/09 19:31:38,194,1,1,75.40304565429688,236.953125,10,37.77111997831405,-122.4551187549927,5.809999942779541,468905498.374438,3
2015/11/09 19:22:13,195,1,1,56.64071655273438,253.828125,10,37.77333041190894,-122.4291963783302,2.450000047683716,468904933.768494,3
2015/11/09 19:26:27,196,1,1,62.61099243164062,252.7734375,10,37.77393043044747,-122.4394563307263,4.929999828338623,468905187.862952,3
2015/11/09 19:12:26,197,1,1,12.58853149414062,229.5703125,10,37.78217977382036,-122.4106159621127,4.039999961853027,468904346.071956,3
2015/11/09 19:35:33,198,1,1,73.26272583007812,243.4350280761719,10,37.77231661482417,-122.4690582723997,6.489999771118164,468905733.037467,3
2015/11/09 21:08:36,199,1,1,75.95230102539062,342.421875,10,37.74852123580663,-122.4899278768548,1.350000023841858,468911316.81769,3
2015/11/09 21:00:28,200,1,1,65.63723754882812,276.328125,10,37.74434579074173,-122.4890886807092,1.389999985694885,468910828.409833,3
2015/11/09 20:57:33,201,1,1,64.32095336914062,9.4921875,10,37.74302471898286,-122.4874540419527,1.190000057220459,468910653.576509,4
2015/11/09 20:21:03,202,1,1,63.01473999023438,78.75,10,37.74258060384332,-122.4883016200014,1.230000019073486,468908463.363607,3
2015/11/09 20:18:14,203,1,1,69.89151000976562,180,10,37.7449419536048,-122.4888250698545,1.159999966621399,468908294.827755,3
2015/11/09 20:15:19,204,1,1,71.51095581054688,178.9453125,10,37.74686153515963,-122.4898758252361,0.949999988079071,468908119.219854,3
2015/11/09 20:07:43,205,1,1,79.73147583007812,120.5859375,10,37.74860643785237,-122.4898631685623,0,468907663.064365,3
2015/11/09 19:52:06,206,1,1,81.83981323242188,175.6482238769531,10,37.74967748866933,-122.4901575834519,3.430000066757202,468906726.853238,3
2015/11/09 19:48:48,207,1,1,79.20944213867188,172.265625,10,37.75776991158515,-122.490726756046,4.119999885559082,468906528.550465,3
2015/11/09 19:45:47,208,1,1,79.45236206054688,266.7885131835938,10,37.75961642702723,-122.4819983262205,4.929999828338623,468906347.049718,4
2015/11/09 19:33:30,209,1,1,73.83053588867188,280.9456481933594,10,37.77154988859334,-122.4606796630542,6.5,468905610.580909,3
2015/11/09 19:27:14,210,1,1,67.81393432617188,257.34375,10,37.77340819597037,-122.442003172005,4.5,468905234.363584,3
2015/11/09 19:38:08,211,1,1,74.74166870117188,245.7461090087891,10,37.77126596045974,-122.4778693388362,4.820000171661377,468905888.434332,4
2015/11/09 21:08:03,212,1,1,73.36331176757812,94.21875,10,37.74815184533387,-122.4901143742003,1.330000042915344,468911283.805487,3
2015/11/09 19:18:22,213,1,1,20.38235473632812,265.078125,10,37.77217412836642,-122.4234142062463,2.150000095367432,468904702.785268,4
2015/11/09 19:42:35,214,1,1,66.54782104492188,176.9768676757812,10,37.76468724107383,-122.4782827978197,3.680000066757202,468906155.702332,3
2015/11/09 19:12:52,215,1,1,15.14312744140625,229.21875,10,37.78108748610856,-122.4120646902569,4.639999866485596,468904372.500049,4
2015/11/09 21:03:33,216,1,1,62.66567993164062,345.9375,10,37.74550936654,-122.4908468687185,1.299999952316284,468911013.212231,3
2015/11/09 21:07:34,217,1,1,71.30007934570312,100.8984375,10,37.74809736296325,-122.49060781684,1.070000052452087,468911254.108023,3
2015/11/09 19:21:37,218,1,1,49.20382690429688,271.0546875,10,37.77354381516368,-122.4279453792818,2.470000028610229,468904897.468062,3
2015/11/09 19:29:16,219,1,1,73.22024536132812,243.28125,10,37.77243635620714,-122.448726547996,5.070000171661377,468905356.462873,3
2015/11/09 19:16:59,220,1,1,19.20950317382812,219.7265625,10,37.77489061936529,-122.4199140911199,6.329999923706055,468904619.973705,4
2015/11/09 19:30:55,221,1,1,77.03671264648438,248.5546875,10,37.77145730800719,-122.4541245774575,2.420000076293945,468905455.459297,3
2015/11/09 21:06:57,222,1,1,68.64334106445312,350.859375,10,37.7479706285873,-122.4910468609282,1.029999971389771,468911217.805595,3
2015/11/09 20:47:52,223,1,1,62.75824356079102,-1,200,37.74245312426104,-122.4871596810335,1.719476712753757,468910072.9975356,10
2015/11/09 20:19:54,224,1,1,65.89981079101562,169.8046875,10,37.74349167480855,-122.4885482994118,1.519999980926514,468908394.0107,3
2015/11/09 21:03:16,225,1,1,62.31332397460938,2.4609375,10,37.74530413564084,-122.4908298534551,1.75,468910996.709361,3
2015/11/09 20:17:08,226,1,1,72.71804809570312,200.7421875,10,37.74599249943881,-122.4889085536101,1.559999942779541,468908228.34986,3
2015/11/09 20:00:21,227,1,1,77.63650512695312,185.625,50,37.74829379286408,-122.4896190037229,0,468907221.858057,4
2015/11/09 19:50:44,228,1,1,77.35946655273438,176.7509307861328,10,37.75333359962533,-122.4903874257143,4.96999979019165,468906644.050892,3
2015/11/09 19:47:29,229,1,1,73.00564575195312,322.734375,10,37.75941351897806,-122.4886234012642,2.460000038146973,468906449.350912,3
2015/11/09 19:23:52,230,1,1,54.17007446289062,260.7422485351562,10,37.77264373146695,-122.433779644125,2.220000028610229,468905032.767723,4
2015/11/09 19:39:57,231,1,1,65.82632446289062,157.1095123291016,10,37.76767809814958,-122.4796514578338,6.389999866485596,468905997.256407,4
2015/11/09 19:19:12,232,1,1,26.20391845703125,354.375,10,37.77385792698504,-122.4237222411879,2.680000066757202,468904752.271245,3
2015/11/09 19:36:42,233,1,1,74.40176391601562,294.1714477539062,10,37.77109896033635,-122.4735037308164,3.950000047683716,468905802.262508,4
2015/11/09 19:44:31,234,1,1,85.07351684570312,178.59375,10,37.7603835566321,-122.4780818169214,3.240000009536743,468906271.229433,3
2015/11/09 19:13:55,235,1,1,17.07418823242188,223.2421875,10,37.77932967528494,-122.4141972140618,3.720000028610229,468904435.172344,3
2015/11/09 20:14:12,236,1,1,76.23477172851562,170.5078125,10,37.74788152895658,-122.4899345823773,1.450000047683716,468908052.850657,4
2015/11/09 20:59:15,237,1,1,69.36752319335938,272.8125,10,37.74434524591802,-122.4877767452248,1.669999957084656,468910755.901751,3
2015/11/09 19:16:33,238,1,1,19.02474975585938,223.59375,10,37.7755204355696,-122.4190194067754,3.970000028610229,468904593.572926,4
2015/11/09 19:22:46,239,1,1,60.59432983398438,266.8359375,10,37.77318687181712,-122.4306450226553,3.910000085830688,468904966.768132,4
2015/11/09 21:06:24,240,1,1,67.03189086914062,358.9453125,10,37.74756343573122,-122.4909953960427,1.419999957084656,468911184.872576,3
2015/11/09 19:27:01,241,1,1,66.62820434570312,258.3984375,10,37.77356124952228,-122.44123664696,4.789999961853027,468905221.163039,3
2015/11/09 19:10:37,242,1,1,13.54425048828125,224.8135986328125,10,37.78493025955147,-122.4070572471156,6.179999828338623,468904237.173183,3
2015/11/09 19:33:00,243,1,1,74.94387817382812,271.0546875,10,37.77128828692974,-122.4585047924169,3.759999990463257,468905580.873034,4
2015/11/09 21:05:51,244,1,1,63.90554809570312,346.2890625,10,37.74714203554927,-122.4909699150571,1.440000057220459,468911151.837974,3
2015/11/09 19:26:11,245,1,1,61.26242065429688,262.96875,10,37.77396953202577,-122.4385003746696,5.389999866485596,468905171.363765,3
2015/11/09 20:57:56,246,1,1,66.51712036132812,352.6171875,10,37.74342365566431,-122.4874145631888,1.529999971389771,468910676.714367,3
2015/11/09 20:21:33,247,1,1,64.20401000976562,63.28125,10,37.74263445757119,-122.4877360091754,1.139999985694885,468908493.048465,3
2015/11/09 20:18:41,248,1,1,70.37844848632812,187.734375,10,37.7445907099524,-122.48871291999,1.059999942779541,468908321.344096,3
2015/11/09 20:15:49,249,1,1,69.70358276367188,178.2421875,10,37.74647952992259,-122.4899498374411,1.580000042915344,468908149.099697,3
2015/11/09 20:10:01,250,1,1,79.51205444335938,35.15625,30,37.74859399072616,-122.4896727317222,1.960000038146973,468907801.768749,4
2015/11/09 19:52:43,251,1,1,82.69528198242188,175.6482238769531,10,37.7486865353551,-122.4900622111454,2.640000104904175,468906763.176513,3
2015/11/09 19:49:21,252,1,1,84.84133911132812,180.3515625,10,37.75653907101393,-122.4906412606337,3.660000085830688,468906561.549608,3
2015/11/09 19:46:13,253,1,1,78.13528442382812,266.7214050292969,10,37.75952988588073,-122.4839278632498,6.369999885559082,468906373.450057,4
2015/11/09 19:18:59,254,1,1,25.62890625,355.078125,10,37.77317790318073,-122.4235724565782,4.420000076293945,468904739.071138,3
2015/11/09 19:38:34,255,1,1,72.35623168945312,246.2973785400391,10,37.77059616554562,-122.4796082753164,3.680000066757202,468905914.758158,4
2015/11/09 19:28:17,256,1,1,69.25564575195312,271.40625,10,37.77301642581613,-122.4456495513417,5.170000076293945,468905297.06295,3
2015/11/09 19:43:05,257,1,1,68.40640258789062,176.8420562744141,10,37.7635304608887,-122.4782027650508,3.009999990463257,468906185.356572,4
2015/11/09 19:27:47,258,1,1,68.67807006835938,254.1796875,10,37.77318377051295,-122.4437317718961,4.699999809265137,468905267.367644,3
2015/11/09 19:10:20,259,1,1,14.98123168945312,215.5078125,10,37.78557905465158,-122.4062634074338,5.440000057220459,468904220.679213,4
2015/11/09 21:11:15,260,1,1,79.04354858398438,312.890625,30,37.74891049138992,-122.4900330697396,0.75,468911475.303624,4
2015/11/09 19:09:27,261,1,1,16.16885375976562,222.890625,10,37.78711755297872,-122.4041784928389,3.990000009536743,468904167.871436,4
2015/11/09 19:14:34,262,1,1,20.67709350585938,260.8111572265625,10,37.77882155398554,-122.4153425571421,6.099999904632568,468904474.772574,4
2015/11/09 19:17:29,263,1,1,18.70977783203125,261.98291015625,10,37.77369499579249,-122.4216070350667,6.210000038146973,468904649.984496,4
2015/11/09 21:01:47,264,1,1,61.62088012695312,277.734375,10,37.74421926591335,-122.4904455431946,1,468910907.609376,3
2015/11/09 19:09:44,265,1,1,15.56854248046875,240.8203125,10,37.78665252499076,-122.4049978238739,4.860000133514404,468904184.371895,4
2015/11/09 21:11:05,266,1,1,80.29031372070312,270,50,37.74870706259995,-122.4897454866418,0.5400000214576721,468911465.406153,4
2015/11/09 19:25:38,267,1,1,60.31600952148438,267.5390625,10,37.77422538962008,-122.4368082360573,3.869999885559082,468905138.365353,3
2015/11/09 20:59:45,268,1,1,69.02108764648438,271.0546875,10,37.74433166723488,-122.4883065653243,1.610000014305115,468910785.531216,3
2015/11/09 20:48:03,269,1,1,63.95791625976562,200.7421875,30,37.74283641952811,-122.4872815423854,0.5099999904632568,468910083.064821,3
2015/11/09 19:24:29,270,1,1,53.81503295898438,261.2109375,10,37.7725654794255,-122.435195054973,2.619999885559082,468905069.062924,4
2015/11/09 20:17:34,271,1,1,70.57388305664062,170.15625,5,37.74556288499175,-122.4888536521443,1.529999971389771,468908254.968886,3
2015/11/09 20:14:39,272,1,1,75.39126586914062,150.46875,10,37.74749114181636,-122.4898504280695,0.8299999833106995,468908079.349927,3
2015/11/09 20:06:03,273,1,1,76.92950439453125,-1,200,37.74815738961771,-122.4894208216467,0.1964551234190886,468907562.9999667,10
2015/11/09 19:51:17,274,1,1,78.46456909179688,177.7065277099609,10,37.75178138274269,-122.4902936158469,3.119999885559082,468906677.052374,3
2015/11/09 19:48:02,275,1,1,73.48416137695312,269.6484375,10,37.75932039603382,-122.4902857841202,3.869999885559082,468906482.352054,4
2015/11/09 19:45:04,276,1,1,83.18032836914062,264.375,10,37.75982293303847,-122.4792336580553,5.289999961853027,468906304.151675,3
2015/11/09 19:40:26,277,1,1,67.06497192382812,147.8148498535156,10,37.76664328944947,-122.4789553473238,3.630000114440918,468906026.95439,4
2015/11/09 19:37:21,278,1,1,73.37124633789062,293.0615234375,10,37.77156870910809,-122.4748079934216,4.360000133514404,468905841.862246,4
2015/11/09 20:20:20,279,1,1,64.87490844726562,181.7578125,10,37.74308209311007,-122.4885449466505,3.299999952316284,468908420.345536,3
2015/11/09 21:03:03,280,1,1,63.30648803710938,358.9453125,10,37.74508008736907,-122.4908372295298,1.389999985694885,468910983.532346,3
2015/11/09 21:10:45,281,1,1,79.91525268554688,1.40625,50,37.7486136462891,-122.4896682054945,1.350000023841858,468911445.506663,4
2015/11/09 19:20:28,282,1,1,32.96304321289062,312.1875,10,37.77384351011158,-122.4255010486789,0.8999999761581421,468904828.168533,6
2015/11/09 19:28:30,283,1,1,71.69802856445312,242.578125,10,37.77282955128492,-122.4463640247681,4.809999942779541,468905310.2627,3
2015/11/09 21:10:25,284,1,1,78.62057495117188,164.53125,50,37.74850480727642,-122.4898846262344,1.320000052452087,468911425.705278,4
2015/11/09 21:00:41,285,1,1,64.14010620117188,265.4296875,10,37.74434893395541,-122.489344412575,1.120000004768372,468910841.633137,3
2015/11/09 21:04:19,286,1,1,62.97067260742188,345.5859375,10,37.74619165345816,-122.4908718467899,1.509999990463257,468911059.475964,3
2015/11/09 20:58:26,287,1,1,68.37448120117188,354.0234375,10,37.74381844330369,-122.4874859770038,1.789999961853027,468910706.336722,3
2015/11/09 20:22:02,288,1,1,64.49331665039062,102.65625,30,37.74270704485266,-122.487227562929,1.299999952316284,468908522.757936,4
2015/11/09 20:19:11,289,1,1,67.91250610351562,204.609375,10,37.74414730727462,-122.4886219763406,1.279999971389771,468908351.04559,3
2015/11/09 20:16:22,290,1,1,69.56588745117188,135,10,37.746166130563,-122.489608693982,1.450000047683716,468908182.151125,3
2015/11/12 21:34:57,291,1,1,10.58935451507568,-1,65,37.78577761864241,-122.4029643808528,-1,469172097.806517,10
2015/11/12 21:35:11,292,1,1,15.11740112304688,238.7109375,5,37.78581634633036,-122.4035569747187,0,469172111.0492,4
2015/11/12 21:40:24,293,1,1,15.11044311523438,339.609375,30,37.78625342067125,-122.403372740487,3.559999942779541,469172424.536143,4
2015/11/12 21:40:57,294,1,1,16.31002807617188,0.703125,10,37.78677930127623,-122.4034816214092,0.6299999952316284,469172457.510948,4
2015/11/12 21:41:17,295,1,1,16.379638671875,194.765625,10,37.78691336981746,-122.4030737580009,1.509999990463257,469172477.30805,4
2015/11/12 21:41:37,296,1,1,18.33966064453125,0.703125,10,37.7874716464782,-122.4033453316636,3.75,469172497.108486,4
2015/11/12 21:42:29,297,1,1,23.3656005859375,238.359375,10,37.78727940752896,-122.4043126032896,4.53000020980835,469172549.905638,4
2015/11/12 21:42:43,298,1,1,19.92218017578125,175.4296875,30,37.78680951803717,-122.4043842685618,2.009999990463257,469172563.128323,4
2015/11/12 21:43:02,299,1,1,19.46243286132812,217.6171875,10,37.78646686583551,-122.4050028530158,6.199999809265137,469172582.904307,4
2015/11/12 21:43:19,300,1,1,17.79135131835938,233.0859375,10,37.78583340350332,-122.4059444760181,6.510000228881836,469172599.572459,4
2015/11/12 21:43:32,301,1,1,17.0682373046875,225.4754791259766,10,37.78540009460384,-122.4063033660786,4.800000190734863,469172612.622178,4
2015/11/12 21:43:45,302,1,1,15.89669799804688,224.8135986328125,10,37.78485415097656,-122.4069897566915,6.809999942779541,469172625.807759,4
2015/11/12 21:43:59,303,1,1,14.84237670898438,224.8135986328125,10,37.7845919107062,-122.4073194207085,0.7200000286102295,469172639.008373,4
2015/11/12 21:44:18,304,1,1,14.23385620117188,228.8671875,10,37.78412785384597,-122.4083083403505,5.360000133514404,469172658.803966,4
2015/11/12 21:44:35,305,1,1,15.40267944335938,236.25,10,37.78356505095752,-122.4090354704507,4.539999961853027,469172675.323156,3
2015/11/12 21:44:51,306,1,1,15.10946655273438,223.2421875,10,37.78297638989778,-122.4098065217234,5.190000057220459,469172691.826044,3
2015/11/12 21:45:08,307,1,1,15.5040283203125,223.59375,10,37.7824814385155,-122.4102957734115,2.289999961853027,469172708.342592,3
2015/11/12 21:45:28,308,1,1,15.57058715820312,225.3991394042969,10,37.78174860518735,-122.4110731761997,6.460000038146973,469172728.501215,4
2015/11/12 21:45:45,309,1,1,17.72607421875,223.2421875,10,37.78117725629153,-122.4120117166288,5.510000228881836,469172745.204023,3
2015/11/12 21:45:58,310,1,1,18.1739501953125,226.7578125,10,37.78079948391559,-122.4125009683169,2.130000114440918,469172758.483681,4
2015/11/12 21:46:31,311,1,1,16.45263671875,224.3320007324219,10,37.78015752620522,-122.4130914837895,4.599999904632568,469172791.72016,4
2015/11/12 21:46:48,312,1,1,18.15585327148438,229.21875,10,37.77966591533067,-122.4138615188398,3.980000019073486,469172808.242918,4
2015/11/12 21:47:04,313,1,1,18.37347412109375,213.046875,10,37.77907000392469,-122.4145106972404,3.599999904632568,469172824.7503,4
2015/11/12 21:47:21,314,1,1,18.34536743164062,211.9921875,10,37.77889457069131,-122.4148603064217,1.529999971389771,469172841.270676,4
2015/11/12 21:47:41,315,1,1,19.20599365234375,224.9999847412109,10,37.77824199269789,-122.4155280145503,6.789999961853027,469172861.170655,4
2015/11/12 21:47:54,316,1,1,20.95590209960938,216.9140625,10,37.77775605678351,-122.4161052704997,5.929999828338623,469172874.316177,4
2015/11/12 21:48:10,317,1,1,21.3082275390625,225.1861419677734,10,37.77709601671727,-122.4168165773517,6.869999885559082,469172890.71586,4
2015/11/12 21:48:24,318,1,1,19.71511840820312,225.1861419677734,30,37.77673665883594,-122.4172741929215,2.039999961853027,469172904.030104,4
2015/11/12 21:48:57,319,1,1,22.16748046875,207.421875,10,37.77617397255988,-122.4181596749671,5.71999979019165,469172937.107052,4
2015/11/12 21:49:10,320,1,1,25.2529296875,233.4375,10,37.77561049911917,-122.4187940173991,3.700000047683716,469172950.411382,4
2015/11/12 21:49:26,321,1,1,23.63626098632812,258.046875,10,37.77514308228881,-122.4197580200829,2.880000114440918,469172966.900587,4
2015/11/12 21:49:40,322,1,1,21.803955078125,211.9921875,10,37.77462386529685,-122.4202848226972,2.490000009536743,469172980.245826,4
2015/11/12 21:50:00,323,1,1,20.5313720703125,256.640625,10,37.77440019421072,-122.4205836375453,1.940000057220459,469173000.214379,4
2015/11/12 21:50:56,324,1,1,18.18466186523438,261.5625,10,37.77428058445246,-122.4215421081729,4.619999885559082,469173056.326548,4
2015/11/12 21:51:13,325,1,1,17.4884033203125,259.8046875,10,37.7741810493523,-122.4222735130437,4.170000076293945,469173073.09933,4
2015/11/12 21:51:26,326,1,1,20.08880615234375,248.90625,10,37.77406437326015,-122.4230379426129,4.090000152587891,469173086.943567,3
2015/11/12 21:51:43,327,1,1,19.70004272460938,275.9765625,10,37.77396500579805,-122.4237022084393,0.6299999952316284,469173103.400549,3
2015/11/12 21:52:03,328,1,1,24.08914184570312,250.6640625,10,37.77386052537502,-122.4243697432079,4.050000190734863,469173123.258518,4
2015/11/12 21:52:20,329,1,1,30.05517578125,246.4453125,10,37.77380231305749,-122.424996541927,2.779999971389771,469173140.000175,3
2015/11/12 21:52:39,330,1,1,34.50018310546875,303.75,10,37.77382125615866,-122.4256204907991,2.700000047683716,469173159.871006,4
2015/11/12 21:52:56,331,1,1,35.98434448242188,259.1015625,10,37.77376337911726,-122.4262866844632,2.609999895095825,469173176.316356,4
2015/11/12 21:53:16,332,1,1,43.42840576171875,263.671875,10,37.77365902442278,-122.4268777762748,1.220000028610229,469173196.202368,4
2015/11/12 21:53:36,333,1,1,47.37777709960938,270.703125,10,37.77363836303146,-122.4274112844117,2.039999961853027,469173216.167235,4
2015/11/12 21:53:52,334,1,1,52.57077026367188,260.5078125,10,37.77350785679908,-122.4280128536023,3.230000019073486,469173232.62208,3
2015/11/12 21:54:09,335,1,1,54.37765502929688,258.3984375,10,37.77340530421377,-122.4285814819135,2.950000047683716,469173249.204333,3
2015/11/12 21:54:25,336,1,1,56.16140747070312,259.1015625,10,37.77329524982513,-122.4291339331515,2.309999942779541,469173265.805382,3
2015/11/12 21:54:42,337,1,1,58.03317260742188,255.9375,10,37.77321951932998,-122.4297394418366,3.470000028610229,469173282.274051,3
2015/11/12 21:54:58,338,1,1,59.39944458007812,261.0869445800781,10,37.77306518839243,-122.4304549106637,2.829999923706055,469173298.710107,4
2015/11/12 21:55:21,339,1,1,58.12289428710938,260.9878234863281,10,37.77293205077402,-122.4315189999015,4.960000038146973,469173321.847884,3
2015/11/12 21:55:35,340,1,1,56.69412231445312,261.0152893066406,10,37.77283661011269,-122.4322822819522,4.389999866485596,469173335.110889,4
2015/11/12 21:55:51,341,1,1,53.90866088867188,260.7422485351562,10,37.77269755084572,-122.4333619280515,6.260000228881836,469173351.700568,4
2015/11/12 21:56:08,342,1,1,52.12216186523438,260.7264709472656,10,37.77256645325934,-122.4343786705867,4.170000076293945,469173368.330633,4
2015/11/12 21:56:24,343,1,1,50.45779418945312,260.7264709472656,10,37.77247050382829,-122.4351220844983,3.730000019073486,469173384.799506,4
2015/11/12 21:56:41,344,1,1,52.87460327148438,351.0611267089844,10,37.77263763048385,-122.4356359501689,3.269999980926514,469173401.545132,4
2015/11/12 21:56:58,345,1,1,54.91781616210938,351.0611267089844,10,37.77319179974668,-122.4357462245825,2.369999885559082,469173418.096967,4
2015/11/12 21:57:47,346,1,1,59.87594604492188,351.2011413574219,10,37.77391707470277,-122.4358887005656,4.340000152587891,469173467.617186,4
2015/11/12 21:58:04,347,1,1,62.47476196289062,290.0390625,10,37.77428754522057,-122.4362081626567,4.409999847412109,469173484.097849,4
2015/11/12 21:58:17,348,1,1,60.63461303710938,260.2605590820312,10,37.77412153499675,-122.4371607159529,6.050000190734863,469173497.296923,4
2015/11/12 21:58:30,349,1,1,61.81283569335938,260.7292785644531,10,37.77401137617424,-122.4380881671211,5.590000152587891,469173510.511157,4
2015/11/12 21:58:43,350,1,1,61.64010620117188,260.7292785644531,10,37.77388501963477,-122.4388796265984,3.170000076293945,469173523.707672,4
2015/11/12 21:59:03,351,1,1,62.35928344726562,260.7292785644531,10,37.77384533125213,-122.4392015416203,0.2300000041723251,469173543.497009,4
2015/11/12 21:59:36,352,1,1,62.70541381835938,260.5376892089844,10,37.7737168514581,-122.4402886594401,4.769999980926514,469173576.4959,4
2015/11/12 21:59:53,353,1,1,64.66091918945312,260.5980224609375,10,37.77354808441684,-122.4413004766468,4.71999979019165,469173593.170895,3
2015/11/12 22:00:06,354,1,1,66.04824829101562,260.5980224609375,10,37.77344871103998,-122.4420597240076,4.090000152587891,469173606.406411,4
2015/11/12 22:00:22,355,1,1,67.46755981445312,260.7889709472656,10,37.77335883734813,-122.4427527847289,2.599999904632568,469173622.996382,4
2015/11/12 22:00:39,356,1,1,68.77157592773438,260.7889709472656,10,37.77323839324172,-122.4438276310374,3.369999885559082,469173639.567296,4
2015/11/12 22:00:56,357,1,1,69.26809692382812,260.6842956542969,10,37.77310586483267,-122.4447204406678,3.369999885559082,469173656.102531,4
2015/11/12 22:01:12,358,1,1,71.21505737304688,260.6986999511719,10,37.77304032864389,-122.4453858942299,2.759999990463257,469173672.562292,4
2015/11/12 22:01:32,359,1,1,74.30496215820312,261.0343627929688,10,37.77293434539022,-122.4461723366743,3.240000009536743,469173692.297233,4
2015/11/12 22:01:52,360,1,1,74.35775756835938,261.0343627929688,10,37.77283119643349,-122.4468737881745,3.670000076293945,469173712.114304,4
2015/11/12 22:02:08,361,1,1,75.12472534179688,260.8852844238281,10,37.77270304725257,-122.4478863752566,3.890000104904175,469173728.659217,4
2015/11/12 22:02:28,362,1,1,76.32327270507812,260.8852844238281,10,37.77259501784899,-122.4487382261127,3.130000114440918,469173748.453537,4
2015/11/12 22:02:44,363,1,1,76.78121948242188,260.7493286132812,10,37.77246956402407,-122.4497161537405,2.910000085830688,469173764.897834,4
2015/11/12 22:03:01,364,1,1,76.85739135742188,260.7538757324219,10,37.77233070208005,-122.4507948146541,5.550000190734863,469173781.472064,4
2015/11/12 22:03:14,365,1,1,77.93295288085938,260.84423828125,10,37.77224383627492,-122.4515898316066,3.299999952316284,469173794.715414,4
2015/11/12 22:03:31,366,1,1,78.34817504882812,258.4078369140625,10,37.77213687632003,-122.4522993975725,4.420000076293945,469173811.345625,4
2015/11/12 22:03:47,367,1,1,79.27896118164062,242.6444244384766,10,37.77182606774758,-122.4532753792523,4.820000171661377,469173827.821698,4
2015/11/12 22:04:01,368,1,1,78.38760375976562,246.09375,10,37.77156803294809,-122.4539863598742,4.599999904632568,469173841.163381,4
2015/11/12 22:04:17,369,1,1,78.40646362304688,241.9884033203125,10,37.77143151083806,-122.4542898215698,3.099999904632568,469173857.591828,4
2015/11/12 22:04:34,370,1,1,75.50772094726562,246.796875,10,37.77109667662324,-122.4553519395389,5.449999809265137,469173874.092423,4
2015/11/12 22:04:54,371,1,1,75.26388549804688,290.0390625,10,37.77070746294946,-122.4558525906154,4.960000038146973,469173894.193818,3
2015/11/12 22:05:07,372,1,1,76.03598022460938,280.2168884277344,10,37.77096958512869,-122.4567104678135,3.569999933242798,469173907.392497,4
2015/11/12 22:05:37,373,1,1,75.08859252929688,307.96875,10,37.77109161098034,-122.4575713755795,2.910000085830688,469173937.092196,4
2015/11/12 22:05:50,374,1,1,74.51852416992188,280.9170532226562,10,37.77120988002919,-122.4584156206402,6.349999904632568,469173950.423599,4
2015/11/12 22:06:03,375,1,1,75.60000610351562,279.1747436523438,10,37.77137253222853,-122.4594793221331,6.599999904632568,469173963.583513,4
2015/11/12 22:06:16,376,1,1,73.59658813476562,280.9456481933594,10,37.7715197947306,-122.4604828065276,6.760000228881836,469173976.703205,3
2015/11/12 22:06:33,377,1,1,74.09866333007812,281.1779174804688,10,37.77170086706167,-122.4616550019346,6.03000020980835,469173993.192482,3
2015/11/12 22:06:46,378,1,1,73.31198120117188,288.1470336914062,10,37.77192547794083,-122.4626572432862,8.069999694824219,469174006.414925,3
2015/11/12 22:07:01,379,1,1,73.33920288085938,289.2528991699219,10,37.77223392058249,-122.4637846796577,8.279999732971191,469174021.28745,4
2015/11/12 22:07:14,380,1,1,72.91854858398438,294.4437255859375,10,37.77252001833321,-122.4648062193592,5.940000057220459,469174034.590128,4
2015/11/12 22:07:31,381,1,1,73.36483764648438,269.4645385742188,10,37.77263913350463,-122.46583441236,7.269999980926514,469174051.106635,3
2015/11/12 22:07:44,382,1,1,71.64938354492188,267.0953063964844,10,37.77259939279659,-122.4669700266531,6.989999771118164,469174064.293719,4
2015/11/12 22:08:00,383,1,1,70.67526245117188,267.0953063964844,10,37.77255753088394,-122.468013773323,5.769999980926514,469174080.872851,4
2015/11/12 22:08:13,384,1,1,71.48031616210938,249.3818817138672,10,37.77234416648106,-122.4689842202497,4.860000133514404,469174093.990716,4
2015/11/12 22:08:27,385,1,1,70.57241821289062,229.0535736083984,10,37.77191689996337,-122.4697408788779,5.730000019073486,469174107.230629,4
2015/11/12 22:08:40,386,1,1,69.72091674804688,229.7816619873047,10,37.77138967161546,-122.470517767033,6.619999885559082,469174120.737965,4
2015/11/12 22:08:54,387,1,1,69.39279174804688,245.2657318115234,10,37.77081729456128,-122.4715955016654,6.690000057220459,469174134.253188,4
2015/11/12 22:09:07,388,1,1,73.42227172851562,287.7446594238281,10,37.77078144500231,-122.4725375578419,4.289999961853027,469174147.510957,4
2015/11/12 22:09:23,389,1,1,73.72348022460938,294.1714477539062,10,37.77109689763513,-122.4734979166897,4.400000095367432,469174163.890988,4
2015/11/12 22:09:37,390,1,1,74.39553833007812,295.0484008789062,10,37.77142580391777,-122.4744043260398,8.189999580383301,469174177.141965,4
2015/11/12 22:09:50,391,1,1,75.36129760742188,273.4682312011719,10,37.77169652163942,-122.4754193014383,7.170000076293945,469174190.359039,4
2015/11/12 22:10:03,392,1,1,76.28738403320312,259.583984375,10,37.77163325618349,-122.476363619644,5.730000019073486,469174203.490671,4
2015/11/12 22:10:19,393,1,1,75.93002319335938,251.5650482177734,10,37.77141353853543,-122.4773761063989,4.340000152587891,469174219.992278,4
2015/11/12 22:10:33,394,1,1,76.81509399414062,242.8623657226562,10,37.77111327549873,-122.4782724363467,5.909999847412109,469174233.352607,4
2015/11/12 22:10:46,395,1,1,74.87515258789062,247.5,10,37.77073186418612,-122.4792321661703,7.090000152587891,469174246.561317,4
2015/11/12 22:10:59,396,1,1,69.11624145507812,150.3851928710938,10,37.77030783531832,-122.4798071700206,5.409999847412109,469174259.782756,4
2015/11/12 22:11:16,397,1,1,75.58059692382812,150.3851928710938,10,37.76998106304895,-122.4795721918781,3.519999980926514,469174276.395172,4
2015/11/12 22:11:29,398,1,1,74.87332153320312,164.6043395996094,10,37.76925260069568,-122.4791284375533,5.039999961853027,469174289.656957,4
2015/11/12 22:11:42,399,1,1,71.48373413085938,203.1063385009766,10,37.76841369930277,-122.4793250933726,7.170000076293945,469174302.872587,4
2015/11/12 22:11:56,400,1,1,66.90921020507812,155.6232604980469,10,37.76758138272523,-122.4795988764527,5.639999866485596,469174316.300085,3
2015/11/12 22:12:12,401,1,1,68.36148071289062,150.4825286865234,10,37.76710823077951,-122.4793029075227,3.799999952316284,469174332.85295,3
2015/11/12 22:12:29,402,1,1,68.14822387695312,144.0800933837891,10,37.76651788156329,-122.4788495153189,2.819999933242798,469174349.291029,4
2015/11/12 22:12:45,403,1,1,69.19912719726562,152.2813568115234,10,37.76599222509662,-122.4783146483969,2.309999942779541,469174365.846199,3
2015/11/12 22:13:22,404,1,1,66.99710083007812,179.296875,10,37.76516379792035,-122.4783948810049,4.099999904632568,469174402.089065,3
2015/11/12 22:13:35,405,1,1,69.95309448242188,176.9768676757812,10,37.76448833153158,-122.478269509229,4.230000019073486,469174415.297307,3
2015/11/12 22:13:51,406,1,1,71.10415649414062,176.8420562744141,10,37.76391641107379,-122.4782297010825,2.130000114440918,469174431.872243,4
2015/11/12 22:14:05,407,1,1,71.35214233398438,176.7237548828125,10,37.76336435508981,-122.4781907376746,5.630000114440918,469174445.171295,4
2015/11/12 22:14:18,408,1,1,76.10781860351562,176.7237548828125,10,37.76269660839035,-122.4781423865352,4.230000019073486,469174458.488115,3
2015/11/12 22:14:31,409,1,1,79.50936889648438,176.7237548828125,10,37.76210502370083,-122.4780995497713,4.679999828338623,469174471.705662,3
2015/11/12 22:14:48,410,1,1,81.91720581054688,176.7107696533203,10,37.76166161402582,-122.4780673370697,2.980000019073486,469174488.260988,4
2015/11/12 22:15:01,411,1,1,86.30514526367188,177.4638519287109,10,37.76085843505856,-122.4780223255948,5.010000228881836,469174501.405826,3
2015/11/12 22:15:18,412,1,1,89.97567749023438,177.4638519287109,10,37.76023569572901,-122.4779874359228,4.21999979019165,469174518.012085,3
2015/11/12 22:15:34,413,1,1,87.52005004882812,266.4616394042969,10,37.75977925485979,-122.4782553916157,3.930000066757202,469174534.86387,3
2015/11/12 22:15:51,414,1,1,85.11062622070312,267.028076171875,10,37.75972951438826,-122.4793507419963,5.659999847412109,469174551.217451,3
2015/11/12 22:16:04,415,1,1,80.87741088867188,266.9117431640625,10,37.7596867825652,-122.480381429923,5.5,469174564.677813,3
2015/11/12 22:16:21,416,1,1,79.37832641601562,266.7885131835938,10,37.7596454003735,-122.4813451778755,4.949999809265137,469174581.187203,3
2015/11/12 22:16:37,417,1,1,77.98141479492188,266.7885131835938,10,37.75960962438518,-122.4821516747761,3.170000076293945,469174597.703664,3
2015/11/12 22:16:57,418,1,1,75.66091918945312,266.7630615234375,10,37.75956344975323,-122.483185250203,5.630000114440918,469174617.508204,4
2015/11/12 22:17:13,419,1,1,76.86410522460938,266.7214050292969,10,37.75952436662266,-122.4840497379228,4.650000095367432,469174633.987939,3
2015/11/12 22:17:30,420,1,1,76.42678833007812,266.9605712890625,10,37.75948543723005,-122.4849510131935,4.5,469174650.487243,3
2015/11/12 22:17:47,421,1,1,75.55953979492188,266.8086547851562,10,37.75944548741835,-122.4858806932934,5.480000019073486,469174667.064409,3
2015/11/12 22:18:00,422,1,1,76.15084838867188,266.9951171875,10,37.75940733506141,-122.4867570924835,4.699999809265137,469174680.310638,3
2015/11/12 22:18:16,423,1,1,75.25759887695312,266.9951171875,10,37.75937444983136,-122.48754949469,3.170000076293945,469174696.84323,3
2015/11/12 22:18:33,424,1,1,73.56137084960938,266.6170043945312,10,37.75933673179379,-122.4883615806175,3.640000104904175,469174713.483931,3
2015/11/12 22:18:49,425,1,1,75.16757202148438,176.6531829833984,10,37.75911892807751,-122.4886684237572,3.769999980926514,469174729.986548,3
2015/11/12 22:19:03,426,1,1,77.48074340820312,176.6398010253906,10,37.75835985608504,-122.4886122060707,5.900000095367432,469174743.279993,4
2015/11/12 22:19:16,427,1,1,78.58505249023438,176.6398010253906,10,37.75765599774009,-122.488559934427,5.630000114440918,469174756.415322,3
2015/11/12 22:19:32,428,1,1,82.87814331054688,176.5638122558594,10,37.7568785833087,-122.4885012237792,4.809999942779541,469174772.997455,3
2015/11/12 22:19:49,429,1,1,87.94027709960938,176.5638122558594,10,37.75618246334298,-122.4884483555797,4.199999809265137,469174789.431866,3
2015/11/12 22:20:05,430,1,1,88.83621215820312,176.5638122558594,10,37.75566615460162,-122.488409143989,2.099999904632568,469174805.937642,3
2015/11/12 22:20:26,431,1,1,89.40316772460938,176.6930389404297,10,37.75484303016763,-122.4883406893787,4.670000076293945,469174826.017983,3
2015/11/12 22:20:39,432,1,1,89.06393432617188,176.6930389404297,10,37.75415019088461,-122.4882900548255,5.190000057220459,469174839.308456,4
2015/11/12 22:20:55,433,1,1,85.82308959960938,320.625,10,37.75374386129314,-122.4884163960492,1.399999976158142,469174855.69787,4
2015/11/12 22:22:08,434,1,1,85.35061645507812,277.734375,10,37.75399885143875,-122.4885531609156,1.169999957084656,469174928.283876,4
2015/11/12 22:22:51,435,1,1,82.01547241210938,50.9765625,30,37.75394985921471,-122.4888214656361,0.4699999988079071,469174971.461338,3
2015/11/12 22:27:34,436,1,1,81.82577514648438,311.484375,10,37.75406146425544,-122.4885037915059,0.2300000041723251,469175254.980778,3
2015/11/12 22:29:00,437,1,1,83.06015014648438,249.2578125,10,37.75377911984711,-122.4891030137637,4.179999828338623,469175340.780147,4
2015/11/12 22:29:17,438,1,1,79.35806274414062,266.7925109863281,10,37.75364361302118,-122.490156639833,4.699999809265137,469175357.294232,3
2015/11/12 22:29:30,439,1,1,77.50320434570312,176.7509307861328,10,37.75328513158936,-122.4903839459148,4.489999771118164,469175370.510757,3
2015/11/12 22:29:46,440,1,1,77.79922485351562,177.7065277099609,10,37.75256172219993,-122.4903331424139,5.710000038146973,469175386.979952,3
2015/11/12 22:30:03,441,1,1,76.56729125976562,177.7065277099609,10,37.75177676639725,-122.4902933814155,4.730000019073486,469175403.479861,3
2015/11/12 22:30:16,442,1,1,79.06515502929688,177.2503509521484,10,37.75107028921754,-122.4902505557839,5.429999828338623,469175416.680143,3
2015/11/12 22:30:33,443,1,1,81.82369995117188,177.2503509521484,10,37.75034229248046,-122.4902063360059,4.909999847412109,469175433.180359,3
2015/11/12 22:30:49,444,1,1,81.13870239257812,175.6482238769531,10,37.7495147457829,-122.4901419204252,4.650000095367432,469175449.874299,3
2015/11/12 22:31:06,445,1,1,79.27487182617188,175.6482238769531,10,37.74888586795587,-122.4900813952263,3.150000095367432,469175466.481164,4
2015/11/12 22:31:26,446,1,1,77.09078979492188,175.6482238769531,10,37.74851084831531,-122.4900453026203,0,469175486.289329,3
2015/11/12 22:35:17,447,1,1,79.52853393554688,309.7265625,50,37.74866133931815,-122.4898569659539,0.8500000238418579,469175717.575399,4
